 neque sapien placerat ante nulla justo,0,29
 justo in hac habitasse platea dictumst,0,73
s sit amet erat nulla tempus vivamus in,0,80
fsdfsdfsdfdfsdfltrices enim lorem ipsum,0,57
gna bibenumfd imperdiet nullam orci pede,0,12
nifdgfdfdgfgsl duis ac nibh fusce lacus,1,33
cus purus aliquet at feugiat non pretium,1,16
urus eumagna vulputate luctus cum sociis,1,31
ibemattis pulvinar nulla pede ullamcorper,0,9
at diam nam tristique tortfdfdor eu pede,1,69
uctor id massa id nisl venenatis lacinia,1,34
sto pellentesque vive pede ac diam cras,0,100
neque vestibulum eget vue u ultrices vel,0,23
m erat  pretium iaculis jus hac habitasse,0,2
uam lacus morb le id luctus nec molestie,0,12
ursus id turpis inid nvallis tortor risus,1,97
ubilia curae nulla dapibus dolor vel est,1,95
nulla intempus vel pede morbi port lorem,0,52
lementum in hac habitasse platea dictumst,1,28
tempor convallis nulla neque libenvallis,0,79
